67ae6a99e95aa383b1ec3ef480ce43509a7e4ad0,DELETE,regular-file,android/unityLibrary/build/il2cpp_arm64-v8a_Debug/il2cpp_cache/buildstate/19qt/libil2cpp.so,282161736,
67ae6a99e95aa383b1ec3ef480ce43509a7e4ad0,DELETE,regular-file,android/unityLibrary/build/il2cpp_arm64-v8a_Debug/il2cpp_cache/buildstate/artifacts/objcopy_kewz/libil2cpp.dbg.so,282161736,
83426e0500477acea8d4388b3f37e08c5c660b6c,DELETE,regular-file,android/unityLibrary/build/il2cpp_arm64-v8a_Debug/il2cpp_cache/buildstate/artifacts/objcopy_kewz/libil2cpp.so,147238376,
95ac4b4573b4c7d417ae928663fc9ce0ea37405d,DELETE,regular-file,android/unityLibrary/build/il2cpp_arm64-v8a_Debug/il2cpp_cache/buildstate/artifacts/objcopy_kewz/stripped/libil2cpp.so,147238272,
ede389a30b7a20170e219ec7fd5f5be0ca99c9bd,DELETE,regular-file,android/unityLibrary/build/il2cpp_armeabi-v7a_Debug/il2cpp_cache/buildstate/artifacts/objcopy_drao/libil2cpp.dbg.so,251194896,
a9f709cf2fa24eff64cb80804a3279e1d5f0178a,DELETE,regular-file,android/unityLibrary/build/il2cpp_armeabi-v7a_Debug/il2cpp_cache/buildstate/artifacts/objcopy_drao/libil2cpp.so,135709412,
e12c3572beb643015b2dfb4ae37b7f2f596d6a8d,DELETE,regular-file,android/unityLibrary/build/il2cpp_armeabi-v7a_Debug/il2cpp_cache/buildstate/artifacts/objcopy_drao/stripped/libil2cpp.so,135709332,
ede389a30b7a20170e219ec7fd5f5be0ca99c9bd,DELETE,regular-file,android/unityLibrary/build/il2cpp_armeabi-v7a_Debug/il2cpp_cache/buildstate/q8q9/libil2cpp.so,251194896,
83426e0500477acea8d4388b3f37e08c5c660b6c,DELETE,regular-file,android/unityLibrary/src/main/jniLibs/arm64-v8a/libil2cpp.so,147238376,
a9f709cf2fa24eff64cb80804a3279e1d5f0178a,DELETE,regular-file,android/unityLibrary/src/main/jniLibs/armeabi-v7a/libil2cpp.so,135709412,
67ae6a99e95aa383b1ec3ef480ce43509a7e4ad0,DELETE,regular-file,android/unityLibrary/symbols/arm64-v8a/libil2cpp.so,282161736,
ede389a30b7a20170e219ec7fd5f5be0ca99c9bd,DELETE,regular-file,android/unityLibrary/symbols/armeabi-v7a/libil2cpp.so,251194896,
